-- =============================================
-- Migration 031: Eidryon Project Data
-- =============================================
-- Populates Eidryon product with complete project data:
-- - 11 milestones (v0.1 through v1.0)
-- - 16 initiatives based on HTMS CSCI structure
-- - Todos for each initiative
-- All marked as completed/achieved/done
-- Date: 2025-01-13
-- =============================================

-- PSR Team Member IDs
-- 건희 이 (이건희): 01f80424-b6b1-49ce-8047-c46363f121d3 - Middleware, Companion computer
-- 지후 이 (이지후): f3e2a9cc-2989-427c-b6a3-8d4247e766fd - Client development
-- 지은 차 (차지은): fcf68c9e-e949-4250-a849-03b747d432c9 - UX/UI design
-- 기선 박 (박기선): 65a78743-cc04-442d-8943-173c14260c17 - Development lead
-- 현민 최 (최현민): eaf9283a-6d00-4c42-a8b2-bae93255ea51 - Testing/evaluation

-- =============================================
-- MILESTONES (11 milestones: v0.1 - v1.0)
-- =============================================

INSERT INTO planner_milestones (id, product_id, name, description, target_date, status, achieved_at, achievement_notes, created_at, updated_at) VALUES
('a1111111-0001-0000-0000-000000000001', '02bcb96c-d7ad-4094-a2e2-43fc77c9b9a5', 'v0.1', 'Initial architecture and DCM foundation', '2024-10-31', 'achieved', '2024-10-31 18:00:00+09', 'DCM 기본 아키텍처 설계 및 MAVROS 통합 완료', '2024-10-01 09:00:00+09', '2024-10-31 18:00:00+09'),
('a1111111-0002-0000-0000-000000000002', '02bcb96c-d7ad-4094-a2e2-43fc77c9b9a5', 'v0.2', 'GLM security and DCM flight control', '2024-11-30', 'achieved', '2024-11-30 18:00:00+09', 'GLM 보안 모듈 및 DCM 비행제어 프로세싱 완료', '2024-10-01 09:00:00+09', '2024-11-30 18:00:00+09'),
('a1111111-0003-0000-0000-000000000003', '02bcb96c-d7ad-4094-a2e2-43fc77c9b9a5', 'v0.3', 'GCM basic UI and DCM power system', '2024-12-31', 'achieved', '2024-12-31 18:00:00+09', 'GCM Unity 기본 UI 및 DCM 전원시스템 모니터링 완료', '2024-10-01 09:00:00+09', '2024-12-31 18:00:00+09'),
('a1111111-0004-0000-0000-000000000004', '02bcb96c-d7ad-4094-a2e2-43fc77c9b9a5', 'v0.4', 'GCM monitoring and DCM mission equipment', '2025-01-31', 'achieved', '2025-01-31 18:00:00+09', 'GCM 실시간 모니터링 및 DCM 임무장비 통합 완료', '2024-10-01 09:00:00+09', '2025-01-31 18:00:00+09'),
('a1111111-0005-0000-0000-000000000005', '02bcb96c-d7ad-4094-a2e2-43fc77c9b9a5', 'v0.5', 'GCM drone control and GLM data routing', '2025-02-28', 'achieved', '2025-02-28 18:00:00+09', 'GCM 드론 제어 명령 및 GLM 데이터 라우팅 완료', '2024-10-01 09:00:00+09', '2025-02-28 18:00:00+09'),
('a1111111-0006-0000-0000-000000000006', '02bcb96c-d7ad-4094-a2e2-43fc77c9b9a5', 'v0.6', 'GCM mission management and video processing', '2025-03-31', 'achieved', '2025-03-31 18:00:00+09', 'GCM 임무 관리 및 실시간 영상처리 완료', '2024-10-01 09:00:00+09', '2025-03-31 18:00:00+09'),
('a1111111-0007-0000-0000-000000000007', '02bcb96c-d7ad-4094-a2e2-43fc77c9b9a5', 'v0.7', 'Training software and integration testing', '2025-04-30', 'achieved', '2025-04-30 18:00:00+09', '훈련 시뮬레이션 소프트웨어 및 통합 테스트 완료', '2024-10-01 09:00:00+09', '2025-04-30 18:00:00+09'),
('a1111111-0008-0000-0000-000000000008', '02bcb96c-d7ad-4094-a2e2-43fc77c9b9a5', 'v0.8', 'System integration testing and refinement', '2025-05-31', 'achieved', '2025-05-31 18:00:00+09', '전체 시스템 통합 테스트 및 개선 완료', '2024-10-01 09:00:00+09', '2025-05-31 18:00:00+09'),
('a1111111-0009-0000-0000-000000000009', '02bcb96c-d7ad-4094-a2e2-43fc77c9b9a5', 'v0.9', 'Field testing and bug fixes', '2025-06-30', 'achieved', '2025-06-30 18:00:00+09', '현장 테스트 및 버그 수정 완료', '2024-10-01 09:00:00+09', '2025-06-30 18:00:00+09'),
('a1111111-0010-0000-0000-000000000010', '02bcb96c-d7ad-4094-a2e2-43fc77c9b9a5', 'v1.0-rc', 'Release candidate and final validation', '2025-07-31', 'achieved', '2025-07-31 18:00:00+09', '릴리스 후보 버전 검증 완료', '2024-10-01 09:00:00+09', '2025-07-31 18:00:00+09'),
('a1111111-0011-0000-0000-000000000011', '02bcb96c-d7ad-4094-a2e2-43fc77c9b9a5', 'v1.0', 'Final release and documentation', '2025-08-31', 'achieved', '2025-08-31 18:00:00+09', 'v1.0 정식 릴리스 및 문서화 완료', '2024-10-01 09:00:00+09', '2025-08-31 18:00:00+09');

-- =============================================
-- INITIATIVES (16 initiatives based on HTMS CSCI)
-- =============================================

-- CSC01: Drone Computing Module (DCM) - Owner: 이건희
INSERT INTO planner_initiatives (id, title, intent, success_criteria, owner_id, product_id, milestone_id, stage, status, horizon, context_links, shipped_notes, created_at, updated_at) VALUES
('b2222222-0001-0000-0000-000000000001', 'A11 CSU: Flight Control Processing Module', 
'드론의 실시간 비행 상태 및 failsafe 조건을 처리하고, 자율 비행 경로 제어 및 비상 시나리오를 관리하는 모듈 개발',
ARRAY['실시간 비행 상태 모니터링 구현', 'Failsafe 조건 감지 및 대응', '자율 비행 경로 제어 알고리즘 구현', '비상 시나리오 핸들링'],
'01f80424-b6b1-49ce-8047-c46363f121d3', '02bcb96c-d7ad-4094-a2e2-43fc77c9b9a5', 'a1111111-0002-0000-0000-000000000002', 'done', 'shipped',
'2024-11-30 18:00:00+09', '[]'::jsonb, 'MAVROS 기반 비행제어 프로세싱 모듈 완료', '2024-10-05 09:00:00+09', '2024-11-30 18:00:00+09'),

('b2222222-0002-0000-0000-000000000002', 'A12 CSU: Power System Processing Module',
'전원팩, 엔진, 팬 등의 상태 데이터를 관리하고, 엔진 및 팬 작동 제어 명령을 실행하는 전원 시스템 모듈 개발',
ARRAY['전원팩 상태 모니터링', '엔진 및 팬 상태 데이터 수집', '전원 제어 명령 실행', '이상 감지 및 알림'],
'01f80424-b6b1-49ce-8047-c46363f121d3', '02bcb96c-d7ad-4094-a2e2-43fc77c9b9a5', 'a1111111-0003-0000-0000-000000000003', 'done', 'shipped',
'2024-12-31 18:00:00+09', '[]'::jsonb, '전원 시스템 모니터링 및 제어 모듈 완료', '2024-11-01 09:00:00+09', '2024-12-31 18:00:00+09'),

('b2222222-0003-0000-0000-000000000003', 'A13 CSU: Mission Equipment Processing Module',
'탑재된 임무 모듈(카메라, 센서 등)의 데이터를 수집 및 관리하고, 제어 명령 및 오류 복구를 처리하는 모듈 개발',
ARRAY['임무 장비 데이터 수집', '제어 명령 처리', '오류 복구 메커니즘 구현', '페이로드 상태 모니터링'],
'01f80424-b6b1-49ce-8047-c46363f121d3', '02bcb96c-d7ad-4094-a2e2-43fc77c9b9a5', 'a1111111-0004-0000-0000-000000000004', 'done', 'shipped',
'2025-01-31 18:00:00+09', '[]'::jsonb, '임무 장비 통합 및 제어 모듈 완료', '2024-12-01 09:00:00+09', '2025-01-31 18:00:00+09'),

('b2222222-0004-0000-0000-000000000004', 'A14 CSU: MAVLink Protocol Management Module',
'MAVLink 메시지를 ROS 토픽으로 변환하고 그 반대 변환을 수행하며, 내부 메시지 큐의 동기화 및 관리를 담당하는 모듈 개발',
ARRAY['MAVLink to ROS topic 변환', 'ROS to MAVLink 변환', '메시지 큐 동기화', '프로토콜 에러 핸들링'],
'01f80424-b6b1-49ce-8047-c46363f121d3', '02bcb96c-d7ad-4094-a2e2-43fc77c9b9a5', 'a1111111-0001-0000-0000-000000000001', 'done', 'shipped',
'2024-10-31 18:00:00+09', '[]'::jsonb, 'MAVLink-ROS 프로토콜 브릿지 완료', '2024-10-01 09:00:00+09', '2024-10-31 18:00:00+09');

-- CSC02: Ground Link Module (GLM) - Owner: 이건희
INSERT INTO planner_initiatives (id, title, intent, success_criteria, owner_id, product_id, milestone_id, stage, status, horizon, context_links, shipped_notes, created_at, updated_at) VALUES
('b2222222-0005-0000-0000-000000000005', 'A21 CSC: Security and Session Management Module',
'DCM과 GCM 간의 보안 통신을 위한 세션 인증, 접근 제어, 세션 키 관리, 데이터 암호화/복호화 모듈 개발',
ARRAY['세션 인증 및 접근 제어 구현', '세션 키 관리 시스템', 'TLS/SSL 기반 데이터 암복호화', '보안 세션 모니터링'],
'01f80424-b6b1-49ce-8047-c46363f121d3', '02bcb96c-d7ad-4094-a2e2-43fc77c9b9a5', 'a1111111-0002-0000-0000-000000000002', 'done', 'shipped',
'2024-11-30 18:00:00+09', '[]'::jsonb, '보안 통신 및 세션 관리 모듈 완료', '2024-10-10 09:00:00+09', '2024-11-30 18:00:00+09'),

('b2222222-0006-0000-0000-000000000006', 'A22 CSC: Data Routing and Relay Module',
'GCM에서 DCM으로의 명령 데이터 라우팅, DCM에서 GCM으로의 상태 데이터 라우팅, 데이터 패킷 검증 및 오류 처리 모듈 개발',
ARRAY['명령 데이터 라우팅 구현', '상태 데이터 라우팅 구현', '데이터 패킷 검증', '네트워크 에러 핸들링'],
'01f80424-b6b1-49ce-8047-c46363f121d3', '02bcb96c-d7ad-4094-a2e2-43fc77c9b9a5', 'a1111111-0005-0000-0000-000000000005', 'done', 'shipped',
'2025-02-28 18:00:00+09', '[]'::jsonb, 'GLM 데이터 라우팅 및 릴레이 완료', '2024-11-15 09:00:00+09', '2025-02-28 18:00:00+09');

-- CSC03: Ground Control Module (GCM) - Owner: 이지후, 차지은
INSERT INTO planner_initiatives (id, title, intent, success_criteria, owner_id, product_id, milestone_id, stage, status, horizon, context_links, shipped_notes, created_at, updated_at) VALUES
('b2222222-0007-0000-0000-000000000007', 'A31 CSU: Real-time Monitoring Module',
'드론의 위치, 속도, 방향, 배터리, 네트워크, 장비 상태를 포함한 실시간 상태 시각화 및 처리 모듈 개발',
ARRAY['3D 맵 기반 드론 위치 시각화', '실시간 텔레메트리 데이터 표시', '다중 드론 동시 모니터링', '상태 알림 시스템'],
'f3e2a9cc-2989-427c-b6a3-8d4247e766fd', '02bcb96c-d7ad-4094-a2e2-43fc77c9b9a5', 'a1111111-0004-0000-0000-000000000004', 'done', 'shipped',
'2025-01-31 18:00:00+09', '[]'::jsonb, 'Unity 기반 실시간 모니터링 UI 완료', '2024-12-01 09:00:00+09', '2025-01-31 18:00:00+09'),

('b2222222-0008-0000-0000-000000000008', 'A32 CSC: Drone Control and Command Module',
'드론 비행 모드 선택 및 원격 명령 처리, 비상 시나리오 원격 처리, 수동 드론 제어 기능 개발',
ARRAY['비행 모드 선택 UI', '원격 명령 전송 시스템', 'Failsafe 수동 개입', '수동 제어 인터페이스'],
'f3e2a9cc-2989-427c-b6a3-8d4247e766fd', '02bcb96c-d7ad-4094-a2e2-43fc77c9b9a5', 'a1111111-0005-0000-0000-000000000005', 'done', 'shipped',
'2025-02-28 18:00:00+09', '[]'::jsonb, '드론 제어 및 명령 모듈 완료', '2025-01-10 09:00:00+09', '2025-02-28 18:00:00+09'),

('b2222222-0009-0000-0000-000000000009', 'A33 CSC: Mission Operation Management Module',
'드론 임무 계획 및 비행 경로 생성/편집/관리, 과거 비행 데이터 관리 및 분석, 전장 맵 편집 및 지오펜싱 관리 모듈 개발',
ARRAY['임무 계획 도구 개발', '비행 경로 편집기', '과거 데이터 분석 도구', '지오펜싱 설정 UI'],
'f3e2a9cc-2989-427c-b6a3-8d4247e766fd', '02bcb96c-d7ad-4094-a2e2-43fc77c9b9a5', 'a1111111-0006-0000-0000-000000000006', 'done', 'shipped',
'2025-03-31 18:00:00+09', '[]'::jsonb, '임무 관리 및 경로 계획 모듈 완료', '2025-02-05 09:00:00+09', '2025-03-31 18:00:00+09'),

('b2222222-0010-0000-0000-000000000010', 'A34 CSU: User Roles and System Management Module',
'사용자 권한에 대한 역할 기반 접근 제어(RBAC) 구현 및 시스템 로그 및 설정 관리 모듈 개발',
ARRAY['RBAC 시스템 구현', '사용자 권한 관리 UI', '시스템 로그 뷰어', '설정 관리 인터페이스'],
'f3e2a9cc-2989-427c-b6a3-8d4247e766fd', '02bcb96c-d7ad-4094-a2e2-43fc77c9b9a5', 'a1111111-0003-0000-0000-000000000003', 'done', 'shipped',
'2024-12-31 18:00:00+09', '[]'::jsonb, '사용자 관리 및 RBAC 시스템 완료', '2024-11-20 09:00:00+09', '2024-12-31 18:00:00+09'),

('b2222222-0011-0000-0000-000000000011', 'A35 CSU: Real-time Video Processing Module',
'실시간 드론 비디오 피드 수신, 디코딩, 암호화 및 렌더링, 비디오 녹화 및 스냅샷 기능 개발',
ARRAY['실시간 비디오 스트리밍', '비디오 디코딩 및 렌더링', '녹화 기능', '스냅샷 캡처'],
'f3e2a9cc-2989-427c-b6a3-8d4247e766fd', '02bcb96c-d7ad-4094-a2e2-43fc77c9b9a5', 'a1111111-0006-0000-0000-000000000006', 'done', 'shipped',
'2025-03-31 18:00:00+09', '[]'::jsonb, '실시간 영상 처리 및 녹화 모듈 완료', '2025-02-10 09:00:00+09', '2025-03-31 18:00:00+09'),

('b2222222-0012-0000-0000-000000000012', 'A36 CSU: GLM Communication Module',
'GLM과 GCM 간의 데이터 패킷 전송 및 실시간 상태 업데이트 관리 모듈 개발',
ARRAY['GLM 통신 프로토콜 구현', '데이터 패킷 전송', '연결 상태 관리', '재연결 로직'],
'f3e2a9cc-2989-427c-b6a3-8d4247e766fd', '02bcb96c-d7ad-4094-a2e2-43fc77c9b9a5', 'a1111111-0002-0000-0000-000000000002', 'done', 'shipped',
'2024-11-30 18:00:00+09', '[]'::jsonb, 'GCM-GLM 통신 모듈 완료', '2024-10-20 09:00:00+09', '2024-11-30 18:00:00+09');

-- CSC04: Training and Simulation Software - Owner: 최현민
INSERT INTO planner_initiatives (id, title, intent, success_criteria, owner_id, product_id, milestone_id, stage, status, horizon, context_links, shipped_notes, created_at, updated_at) VALUES
('b2222222-0013-0000-0000-000000000013', 'A41 CSU: Scenario Management Module',
'훈련 시나리오의 동적 생성, 편집, 실시간 조정, 버전 관리 및 시나리오 데이터 저장 모듈 개발',
ARRAY['시나리오 생성 도구', '시나리오 편집기', '실시간 조정 기능', '버전 관리 시스템'],
'eaf9283a-6d00-4c42-a8b2-bae93255ea51', '02bcb96c-d7ad-4094-a2e2-43fc77c9b9a5', 'a1111111-0007-0000-0000-000000000007', 'done', 'shipped',
'2025-04-30 18:00:00+09', '[]'::jsonb, '훈련 시나리오 관리 모듈 완료', '2025-03-01 09:00:00+09', '2025-04-30 18:00:00+09'),

('b2222222-0014-0000-0000-000000000014', 'A42 CSC: Physics Engine and Environmental Interaction Module',
'드론 비행 역학, 충돌 반응 등의 물리 시뮬레이션 및 바람, 지형, 중력 등의 환경 요인 시뮬레이션 모듈 개발',
ARRAY['물리 엔진 통합', '비행 역학 시뮬레이션', '충돌 감지 및 반응', '환경 요인 시뮬레이션'],
'eaf9283a-6d00-4c42-a8b2-bae93255ea51', '02bcb96c-d7ad-4094-a2e2-43fc77c9b9a5', 'a1111111-0007-0000-0000-000000000007', 'done', 'shipped',
'2025-04-30 18:00:00+09', '[]'::jsonb, '물리 엔진 및 환경 시뮬레이션 완료', '2025-03-05 09:00:00+09', '2025-04-30 18:00:00+09'),

('b2222222-0015-0000-0000-000000000015', 'A43 CSU: Battlefield Visualization Module',
'전장 맵 및 객체의 렌더링 및 실시간 시각화, 위치 기반 데이터 및 이벤트 시각화 관리 모듈 개발',
ARRAY['3D 전장 맵 렌더링', '실시간 객체 시각화', '위치 기반 이벤트 표시', '시각화 성능 최적화'],
'eaf9283a-6d00-4c42-a8b2-bae93255ea51', '02bcb96c-d7ad-4094-a2e2-43fc77c9b9a5', 'a1111111-0007-0000-0000-000000000007', 'done', 'shipped',
'2025-04-30 18:00:00+09', '[]'::jsonb, '전장 시각화 모듈 완료', '2025-03-10 09:00:00+09', '2025-04-30 18:00:00+09'),

('b2222222-0016-0000-0000-000000000016', 'A44 CSC: Training Evaluation and Data Management Module',
'훈련생 성과의 자동 평가 및 보고, 훈련 및 교육 자료의 효율적인 관리/저장/중복 제거, 개별 훈련생 학습 이력 및 진행 상황 추적 모듈 개발',
ARRAY['자동 평가 시스템', '성과 보고서 생성', '교육 자료 관리', '학습 이력 추적'],
'eaf9283a-6d00-4c42-a8b2-bae93255ea51', '02bcb96c-d7ad-4094-a2e2-43fc77c9b9a5', 'a1111111-0007-0000-0000-000000000007', 'done', 'shipped',
'2025-04-30 18:00:00+09', '[]'::jsonb, '훈련 평가 및 데이터 관리 모듈 완료', '2025-03-15 09:00:00+09', '2025-04-30 18:00:00+09');

-- =============================================
-- TODOS (3-5 todos per initiative)
-- =============================================

-- A11: Flight Control Processing Module
INSERT INTO planner_todos (id, initiative_id, title, description, assignee_id, status, due_date, completed_at, created_at, updated_at) VALUES
('c3333333-0001-0001-0000-000000000001', 'b2222222-0001-0000-0000-000000000001', '비행 상태 모니터링 시스템 구현', 'MAVROS를 통한 실시간 비행 상태 수신 및 파싱', '01f80424-b6b1-49ce-8047-c46363f121d3', 'done', '2024-10-20', '2024-10-20 17:00:00+09', '2024-10-05 09:00:00+09', '2024-10-20 17:00:00+09'),
('c3333333-0001-0002-0000-000000000002', 'b2222222-0001-0000-0000-000000000001', 'Failsafe 조건 감지 로직 개발', '비행 중 이상 상황 감지 및 자동 대응 알고리즘', '01f80424-b6b1-49ce-8047-c46363f121d3', 'done', '2024-11-05', '2024-11-05 17:00:00+09', '2024-10-05 09:00:00+09', '2024-11-05 17:00:00+09'),
('c3333333-0001-0003-0000-000000000003', 'b2222222-0001-0000-0000-000000000001', '자율 비행 경로 제어 알고리즘', '웨이포인트 기반 자율 비행 제어', '01f80424-b6b1-49ce-8047-c46363f121d3', 'done', '2024-11-15', '2024-11-15 17:00:00+09', '2024-10-05 09:00:00+09', '2024-11-15 17:00:00+09'),
('c3333333-0001-0004-0000-000000000004', 'b2222222-0001-0000-0000-000000000001', '비상 시나리오 핸들러 구현', 'RTL, Land, Hold 등 비상 모드 처리', '01f80424-b6b1-49ce-8047-c46363f121d3', 'done', '2024-11-25', '2024-11-25 17:00:00+09', '2024-10-05 09:00:00+09', '2024-11-25 17:00:00+09'),
('c3333333-0001-0005-0000-000000000005', 'b2222222-0001-0000-0000-000000000001', '통합 테스트 및 검증', 'SITL 환경에서 비행 제어 모듈 검증', '01f80424-b6b1-49ce-8047-c46363f121d3', 'done', '2024-11-30', '2024-11-30 17:00:00+09', '2024-10-05 09:00:00+09', '2024-11-30 17:00:00+09');

-- A12: Power System Processing Module
INSERT INTO planner_todos (id, initiative_id, title, description, assignee_id, status, due_date, completed_at, created_at, updated_at) VALUES
('c3333333-0002-0001-0000-000000000001', 'b2222222-0002-0000-0000-000000000002', '전원팩 상태 모니터링 구현', '배터리 전압, 전류, 온도 모니터링', '01f80424-b6b1-49ce-8047-c46363f121d3', 'done', '2024-11-15', '2024-11-15 17:00:00+09', '2024-11-01 09:00:00+09', '2024-11-15 17:00:00+09'),
('c3333333-0002-0002-0000-000000000002', 'b2222222-0002-0000-0000-000000000002', '엔진 상태 데이터 수집', '엔진 RPM, 온도, 연료 소비 데이터', '01f80424-b6b1-49ce-8047-c46363f121d3', 'done', '2024-11-25', '2024-11-25 17:00:00+09', '2024-11-01 09:00:00+09', '2024-11-25 17:00:00+09'),
('c3333333-0002-0003-0000-000000000003', 'b2222222-0002-0000-0000-000000000002', '팬 제어 명령 실행', '냉각 팬 속도 제어', '01f80424-b6b1-49ce-8047-c46363f121d3', 'done', '2024-12-05', '2024-12-05 17:00:00+09', '2024-11-01 09:00:00+09', '2024-12-05 17:00:00+09'),
('c3333333-0002-0004-0000-000000000004', 'b2222222-0002-0000-0000-000000000002', '전원 이상 감지 및 알림', '과전압, 저전압, 과열 감지', '01f80424-b6b1-49ce-8047-c46363f121d3', 'done', '2024-12-20', '2024-12-20 17:00:00+09', '2024-11-01 09:00:00+09', '2024-12-20 17:00:00+09'),
('c3333333-0002-0005-0000-000000000005', 'b2222222-0002-0000-0000-000000000002', '전원 시스템 통합 테스트', '전체 전원 관리 시스템 검증', '01f80424-b6b1-49ce-8047-c46363f121d3', 'done', '2024-12-31', '2024-12-31 17:00:00+09', '2024-11-01 09:00:00+09', '2024-12-31 17:00:00+09');

-- A13: Mission Equipment Processing Module
INSERT INTO planner_todos (id, initiative_id, title, description, assignee_id, status, due_date, completed_at, created_at, updated_at) VALUES
('c3333333-0003-0001-0000-000000000001', 'b2222222-0003-0000-0000-000000000003', '임무 장비 인터페이스 정의', '카메라, 센서 등 페이로드 통신 프로토콜', '01f80424-b6b1-49ce-8047-c46363f121d3', 'done', '2024-12-10', '2024-12-10 17:00:00+09', '2024-12-01 09:00:00+09', '2024-12-10 17:00:00+09'),
('c3333333-0003-0002-0000-000000000002', 'b2222222-0003-0000-0000-000000000003', '데이터 수집 모듈 구현', '센서 데이터 수신 및 저장', '01f80424-b6b1-49ce-8047-c46363f121d3', 'done', '2024-12-20', '2024-12-20 17:00:00+09', '2024-12-01 09:00:00+09', '2024-12-20 17:00:00+09'),
('c3333333-0003-0003-0000-000000000003', 'b2222222-0003-0000-0000-000000000003', '제어 명령 처리', '페이로드 동작 제어 명령 실행', '01f80424-b6b1-49ce-8047-c46363f121d3', 'done', '2025-01-10', '2025-01-10 17:00:00+09', '2024-12-01 09:00:00+09', '2025-01-10 17:00:00+09'),
('c3333333-0003-0004-0000-000000000004', 'b2222222-0003-0000-0000-000000000003', '오류 복구 메커니즘', '장비 오류 감지 및 재시도 로직', '01f80424-b6b1-49ce-8047-c46363f121d3', 'done', '2025-01-20', '2025-01-20 17:00:00+09', '2024-12-01 09:00:00+09', '2025-01-20 17:00:00+09');

-- A14: MAVLink Protocol Management Module
INSERT INTO planner_todos (id, initiative_id, title, description, assignee_id, status, due_date, completed_at, created_at, updated_at) VALUES
('c3333333-0004-0001-0000-000000000001', 'b2222222-0004-0000-0000-000000000004', 'MAVLink 파서 구현', 'MAVLink v2 메시지 파싱', '01f80424-b6b1-49ce-8047-c46363f121d3', 'done', '2024-10-15', '2024-10-15 17:00:00+09', '2024-10-01 09:00:00+09', '2024-10-15 17:00:00+09'),
('c3333333-0004-0002-0000-000000000002', 'b2222222-0004-0000-0000-000000000004', 'ROS 토픽 브릿지', 'MAVLink 메시지를 ROS 토픽으로 변환', '01f80424-b6b1-49ce-8047-c46363f121d3', 'done', '2024-10-20', '2024-10-20 17:00:00+09', '2024-10-01 09:00:00+09', '2024-10-20 17:00:00+09'),
('c3333333-0004-0003-0000-000000000003', 'b2222222-0004-0000-0000-000000000004', '메시지 큐 동기화', '송수신 메시지 큐 관리', '01f80424-b6b1-49ce-8047-c46363f121d3', 'done', '2024-10-25', '2024-10-25 17:00:00+09', '2024-10-01 09:00:00+09', '2024-10-25 17:00:00+09'),
('c3333333-0004-0004-0000-000000000004', 'b2222222-0004-0000-0000-000000000004', '프로토콜 에러 핸들링', 'CRC 검증 및 재전송 로직', '01f80424-b6b1-49ce-8047-c46363f121d3', 'done', '2024-10-30', '2024-10-30 17:00:00+09', '2024-10-01 09:00:00+09', '2024-10-30 17:00:00+09');

-- A21: Security and Session Management Module
INSERT INTO planner_todos (id, initiative_id, title, description, assignee_id, status, due_date, completed_at, created_at, updated_at) VALUES
('c3333333-0005-0001-0000-000000000001', 'b2222222-0005-0000-0000-000000000005', '세션 인증 시스템 구현', '토큰 기반 인증 메커니즘', '01f80424-b6b1-49ce-8047-c46363f121d3', 'done', '2024-10-25', '2024-10-25 17:00:00+09', '2024-10-10 09:00:00+09', '2024-10-25 17:00:00+09'),
('c3333333-0005-0002-0000-000000000002', 'b2222222-0005-0000-0000-000000000005', '접근 제어 로직', '역할 기반 접근 권한 검증', '01f80424-b6b1-49ce-8047-c46363f121d3', 'done', '2024-11-05', '2024-11-05 17:00:00+09', '2024-10-10 09:00:00+09', '2024-11-05 17:00:00+09'),
('c3333333-0005-0003-0000-000000000003', 'b2222222-0005-0000-0000-000000000005', '세션 키 관리', '키 생성, 갱신, 폐기 시스템', '01f80424-b6b1-49ce-8047-c46363f121d3', 'done', '2024-11-15', '2024-11-15 17:00:00+09', '2024-10-10 09:00:00+09', '2024-11-15 17:00:00+09'),
('c3333333-0005-0004-0000-000000000004', 'b2222222-0005-0000-0000-000000000005', 'TLS/SSL 암호화', '데이터 전송 암호화 구현', '01f80424-b6b1-49ce-8047-c46363f121d3', 'done', '2024-11-25', '2024-11-25 17:00:00+09', '2024-10-10 09:00:00+09', '2024-11-25 17:00:00+09'),
('c3333333-0005-0005-0000-000000000005', 'b2222222-0005-0000-0000-000000000005', '보안 모니터링', '비정상 접근 탐지 및 로깅', '01f80424-b6b1-49ce-8047-c46363f121d3', 'done', '2024-11-30', '2024-11-30 17:00:00+09', '2024-10-10 09:00:00+09', '2024-11-30 17:00:00+09');

-- A22: Data Routing and Relay Module
INSERT INTO planner_todos (id, initiative_id, title, description, assignee_id, status, due_date, completed_at, created_at, updated_at) VALUES
('c3333333-0006-0001-0000-000000000001', 'b2222222-0006-0000-0000-000000000006', '명령 데이터 라우팅', 'GCM → DCM 명령 전송', '01f80424-b6b1-49ce-8047-c46363f121d3', 'done', '2024-12-10', '2024-12-10 17:00:00+09', '2024-11-15 09:00:00+09', '2024-12-10 17:00:00+09'),
('c3333333-0006-0002-0000-000000000002', 'b2222222-0006-0000-0000-000000000006', '상태 데이터 라우팅', 'DCM → GCM 상태 전송', '01f80424-b6b1-49ce-8047-c46363f121d3', 'done', '2024-12-20', '2024-12-20 17:00:00+09', '2024-11-15 09:00:00+09', '2024-12-20 17:00:00+09'),
('c3333333-0006-0003-0000-000000000003', 'b2222222-0006-0000-0000-000000000006', '데이터 패킷 검증', 'CRC 체크섬 및 무결성 검증', '01f80424-b6b1-49ce-8047-c46363f121d3', 'done', '2025-01-15', '2025-01-15 17:00:00+09', '2024-11-15 09:00:00+09', '2025-01-15 17:00:00+09'),
('c3333333-0006-0004-0000-000000000004', 'b2222222-0006-0000-0000-000000000006', '네트워크 에러 핸들링', '재전송 및 타임아웃 처리', '01f80424-b6b1-49ce-8047-c46363f121d3', 'done', '2025-02-15', '2025-02-15 17:00:00+09', '2024-11-15 09:00:00+09', '2025-02-15 17:00:00+09');

-- A31: Real-time Monitoring Module
INSERT INTO planner_todos (id, initiative_id, title, description, assignee_id, status, due_date, completed_at, created_at, updated_at) VALUES
('c3333333-0007-0001-0000-000000000001', 'b2222222-0007-0000-0000-000000000007', '3D 맵 렌더링 시스템', 'Unity 기반 3D 지도 렌더링', 'f3e2a9cc-2989-427c-b6a3-8d4247e766fd', 'done', '2024-12-15', '2024-12-15 17:00:00+09', '2024-12-01 09:00:00+09', '2024-12-15 17:00:00+09'),
('c3333333-0007-0002-0000-000000000002', 'b2222222-0007-0000-0000-000000000007', '드론 위치 시각화', '실시간 드론 위치 표시', 'f3e2a9cc-2989-427c-b6a3-8d4247e766fd', 'done', '2024-12-25', '2024-12-25 17:00:00+09', '2024-12-01 09:00:00+09', '2024-12-25 17:00:00+09'),
('c3333333-0007-0003-0000-000000000003', 'b2222222-0007-0000-0000-000000000007', '텔레메트리 데이터 표시', '속도, 고도, 배터리 등 UI 표시', 'fcf68c9e-e949-4250-a849-03b747d432c9', 'done', '2025-01-10', '2025-01-10 17:00:00+09', '2024-12-01 09:00:00+09', '2025-01-10 17:00:00+09'),
('c3333333-0007-0004-0000-000000000004', 'b2222222-0007-0000-0000-000000000007', '다중 드론 모니터링', '여러 드론 동시 추적', 'f3e2a9cc-2989-427c-b6a3-8d4247e766fd', 'done', '2025-01-20', '2025-01-20 17:00:00+09', '2024-12-01 09:00:00+09', '2025-01-20 17:00:00+09'),
('c3333333-0007-0005-0000-000000000005', 'b2222222-0007-0000-0000-000000000007', '알림 시스템', '이상 상태 알림 UI', 'fcf68c9e-e949-4250-a849-03b747d432c9', 'done', '2025-01-31', '2025-01-31 17:00:00+09', '2024-12-01 09:00:00+09', '2025-01-31 17:00:00+09');

-- A32: Drone Control and Command Module
INSERT INTO planner_todos (id, initiative_id, title, description, assignee_id, status, due_date, completed_at, created_at, updated_at) VALUES
('c3333333-0008-0001-0000-000000000001', 'b2222222-0008-0000-0000-000000000008', '비행 모드 선택 UI', 'Auto, Manual, RTL 등 모드 전환', 'fcf68c9e-e949-4250-a849-03b747d432c9', 'done', '2025-01-20', '2025-01-20 17:00:00+09', '2025-01-10 09:00:00+09', '2025-01-20 17:00:00+09'),
('c3333333-0008-0002-0000-000000000002', 'b2222222-0008-0000-0000-000000000008', '원격 명령 전송', '이륙, 착륙, 웨이포인트 명령', 'f3e2a9cc-2989-427c-b6a3-8d4247e766fd', 'done', '2025-02-05', '2025-02-05 17:00:00+09', '2025-01-10 09:00:00+09', '2025-02-05 17:00:00+09'),
('c3333333-0008-0003-0000-000000000003', 'b2222222-0008-0000-0000-000000000008', 'Failsafe 수동 개입', '비상 상황 수동 제어', 'f3e2a9cc-2989-427c-b6a3-8d4247e766fd', 'done', '2025-02-15', '2025-02-15 17:00:00+09', '2025-01-10 09:00:00+09', '2025-02-15 17:00:00+09'),
('c3333333-0008-0004-0000-000000000004', 'b2222222-0008-0000-0000-000000000008', '수동 제어 인터페이스', '조이스틱/키보드 제어', 'f3e2a9cc-2989-427c-b6a3-8d4247e766fd', 'done', '2025-02-28', '2025-02-28 17:00:00+09', '2025-01-10 09:00:00+09', '2025-02-28 17:00:00+09');

-- A33: Mission Operation Management Module
INSERT INTO planner_todos (id, initiative_id, title, description, assignee_id, status, due_date, completed_at, created_at, updated_at) VALUES
('c3333333-0009-0001-0000-000000000001', 'b2222222-0009-0000-0000-000000000009', '임무 계획 도구', '임무 생성 및 파라미터 설정', 'f3e2a9cc-2989-427c-b6a3-8d4247e766fd', 'done', '2025-02-20', '2025-02-20 17:00:00+09', '2025-02-05 09:00:00+09', '2025-02-20 17:00:00+09'),
('c3333333-0009-0002-0000-000000000002', 'b2222222-0009-0000-0000-000000000009', '비행 경로 편집기', '웨이포인트 추가/편집/삭제', 'f3e2a9cc-2989-427c-b6a3-8d4247e766fd', 'done', '2025-03-05', '2025-03-05 17:00:00+09', '2025-02-05 09:00:00+09', '2025-03-05 17:00:00+09'),
('c3333333-0009-0003-0000-000000000003', 'b2222222-0009-0000-0000-000000000009', '과거 데이터 분석', '비행 로그 분석 도구', 'f3e2a9cc-2989-427c-b6a3-8d4247e766fd', 'done', '2025-03-15', '2025-03-15 17:00:00+09', '2025-02-05 09:00:00+09', '2025-03-15 17:00:00+09'),
('c3333333-0009-0004-0000-000000000004', 'b2222222-0009-0000-0000-000000000009', '지오펜싱 설정', '비행 제한 구역 설정 UI', 'fcf68c9e-e949-4250-a849-03b747d432c9', 'done', '2025-03-25', '2025-03-25 17:00:00+09', '2025-02-05 09:00:00+09', '2025-03-25 17:00:00+09'),
('c3333333-0009-0005-0000-000000000005', 'b2222222-0009-0000-0000-000000000009', '임무 템플릿 관리', '재사용 가능한 임무 템플릿', 'f3e2a9cc-2989-427c-b6a3-8d4247e766fd', 'done', '2025-03-31', '2025-03-31 17:00:00+09', '2025-02-05 09:00:00+09', '2025-03-31 17:00:00+09');

-- A34: User Roles and System Management Module
INSERT INTO planner_todos (id, initiative_id, title, description, assignee_id, status, due_date, completed_at, created_at, updated_at) VALUES
('c3333333-0010-0001-0000-000000000001', 'b2222222-0010-0000-0000-000000000010', 'RBAC 시스템 설계', '역할 및 권한 정의', 'f3e2a9cc-2989-427c-b6a3-8d4247e766fd', 'done', '2024-11-30', '2024-11-30 17:00:00+09', '2024-11-20 09:00:00+09', '2024-11-30 17:00:00+09'),
('c3333333-0010-0002-0000-000000000002', 'b2222222-0010-0000-0000-000000000010', '사용자 관리 UI', '사용자 추가/수정/삭제', 'fcf68c9e-e949-4250-a849-03b747d432c9', 'done', '2024-12-10', '2024-12-10 17:00:00+09', '2024-11-20 09:00:00+09', '2024-12-10 17:00:00+09'),
('c3333333-0010-0003-0000-000000000003', 'b2222222-0010-0000-0000-000000000010', '권한 검증 로직', '기능별 접근 권한 확인', 'f3e2a9cc-2989-427c-b6a3-8d4247e766fd', 'done', '2024-12-20', '2024-12-20 17:00:00+09', '2024-11-20 09:00:00+09', '2024-12-20 17:00:00+09'),
('c3333333-0010-0004-0000-000000000004', 'b2222222-0010-0000-0000-000000000010', '시스템 로그 뷰어', '활동 로그 조회 및 필터링', 'f3e2a9cc-2989-427c-b6a3-8d4247e766fd', 'done', '2024-12-31', '2024-12-31 17:00:00+09', '2024-11-20 09:00:00+09', '2024-12-31 17:00:00+09');

-- A35: Real-time Video Processing Module
INSERT INTO planner_todos (id, initiative_id, title, description, assignee_id, status, due_date, completed_at, created_at, updated_at) VALUES
('c3333333-0011-0001-0000-000000000001', 'b2222222-0011-0000-0000-000000000011', '비디오 스트리밍 수신', 'RTP/RTSP 스트림 수신', 'f3e2a9cc-2989-427c-b6a3-8d4247e766fd', 'done', '2025-02-25', '2025-02-25 17:00:00+09', '2025-02-10 09:00:00+09', '2025-02-25 17:00:00+09'),
('c3333333-0011-0002-0000-000000000002', 'b2222222-0011-0000-0000-000000000011', '비디오 디코딩', 'H.264/H.265 디코딩', 'f3e2a9cc-2989-427c-b6a3-8d4247e766fd', 'done', '2025-03-05', '2025-03-05 17:00:00+09', '2025-02-10 09:00:00+09', '2025-03-05 17:00:00+09'),
('c3333333-0011-0003-0000-000000000003', 'b2222222-0011-0000-0000-000000000011', 'Unity 텍스처 렌더링', '비디오 프레임을 Unity에 렌더링', 'f3e2a9cc-2989-427c-b6a3-8d4247e766fd', 'done', '2025-03-15', '2025-03-15 17:00:00+09', '2025-02-10 09:00:00+09', '2025-03-15 17:00:00+09'),
('c3333333-0011-0004-0000-000000000004', 'b2222222-0011-0000-0000-000000000011', '녹화 기능', '비디오 파일 저장', 'f3e2a9cc-2989-427c-b6a3-8d4247e766fd', 'done', '2025-03-25', '2025-03-25 17:00:00+09', '2025-02-10 09:00:00+09', '2025-03-25 17:00:00+09'),
('c3333333-0011-0005-0000-000000000005', 'b2222222-0011-0000-0000-000000000011', '스냅샷 캡처', '스크린샷 저장 기능', 'f3e2a9cc-2989-427c-b6a3-8d4247e766fd', 'done', '2025-03-31', '2025-03-31 17:00:00+09', '2025-02-10 09:00:00+09', '2025-03-31 17:00:00+09');

-- A36: GLM Communication Module
INSERT INTO planner_todos (id, initiative_id, title, description, assignee_id, status, due_date, completed_at, created_at, updated_at) VALUES
('c3333333-0012-0001-0000-000000000001', 'b2222222-0012-0000-0000-000000000012', 'GLM 통신 프로토콜 정의', 'GCM-GLM 프로토콜 명세', 'f3e2a9cc-2989-427c-b6a3-8d4247e766fd', 'done', '2024-10-30', '2024-10-30 17:00:00+09', '2024-10-20 09:00:00+09', '2024-10-30 17:00:00+09'),
('c3333333-0012-0002-0000-000000000002', 'b2222222-0012-0000-0000-000000000012', '데이터 송수신 구현', 'TCP/UDP 소켓 통신', 'f3e2a9cc-2989-427c-b6a3-8d4247e766fd', 'done', '2024-11-10', '2024-11-10 17:00:00+09', '2024-10-20 09:00:00+09', '2024-11-10 17:00:00+09'),
('c3333333-0012-0003-0000-000000000003', 'b2222222-0012-0000-0000-000000000012', '연결 상태 관리', '연결 감지 및 하트비트', 'f3e2a9cc-2989-427c-b6a3-8d4247e766fd', 'done', '2024-11-20', '2024-11-20 17:00:00+09', '2024-10-20 09:00:00+09', '2024-11-20 17:00:00+09'),
('c3333333-0012-0004-0000-000000000004', 'b2222222-0012-0000-0000-000000000012', '재연결 로직', '연결 끊김 시 자동 재연결', 'f3e2a9cc-2989-427c-b6a3-8d4247e766fd', 'done', '2024-11-30', '2024-11-30 17:00:00+09', '2024-10-20 09:00:00+09', '2024-11-30 17:00:00+09');

-- A41: Scenario Management Module
INSERT INTO planner_todos (id, initiative_id, title, description, assignee_id, status, due_date, completed_at, created_at, updated_at) VALUES
('c3333333-0013-0001-0000-000000000001', 'b2222222-0013-0000-0000-000000000013', '시나리오 생성 도구', '훈련 시나리오 편집기', 'eaf9283a-6d00-4c42-a8b2-bae93255ea51', 'done', '2025-03-20', '2025-03-20 17:00:00+09', '2025-03-01 09:00:00+09', '2025-03-20 17:00:00+09'),
('c3333333-0013-0002-0000-000000000002', 'b2222222-0013-0000-0000-000000000013', '실시간 조정 기능', '시나리오 실행 중 파라미터 변경', 'eaf9283a-6d00-4c42-a8b2-bae93255ea51', 'done', '2025-04-05', '2025-04-05 17:00:00+09', '2025-03-01 09:00:00+09', '2025-04-05 17:00:00+09'),
('c3333333-0013-0003-0000-000000000003', 'b2222222-0013-0000-0000-000000000013', '버전 관리', '시나리오 변경 이력 관리', 'eaf9283a-6d00-4c42-a8b2-bae93255ea51', 'done', '2025-04-20', '2025-04-20 17:00:00+09', '2025-03-01 09:00:00+09', '2025-04-20 17:00:00+09'),
('c3333333-0013-0004-0000-000000000004', 'b2222222-0013-0000-0000-000000000013', '시나리오 템플릿', '재사용 가능한 시나리오 템플릿', 'eaf9283a-6d00-4c42-a8b2-bae93255ea51', 'done', '2025-04-30', '2025-04-30 17:00:00+09', '2025-03-01 09:00:00+09', '2025-04-30 17:00:00+09');

-- A42: Physics Engine and Environmental Interaction Module
INSERT INTO planner_todos (id, initiative_id, title, description, assignee_id, status, due_date, completed_at, created_at, updated_at) VALUES
('c3333333-0014-0001-0000-000000000001', 'b2222222-0014-0000-0000-000000000014', '물리 엔진 통합', 'Unity Physics 또는 PhysX 통합', 'eaf9283a-6d00-4c42-a8b2-bae93255ea51', 'done', '2025-03-20', '2025-03-20 17:00:00+09', '2025-03-05 09:00:00+09', '2025-03-20 17:00:00+09'),
('c3333333-0014-0002-0000-000000000002', 'b2222222-0014-0000-0000-000000000014', '비행 역학 시뮬레이션', '드론 비행 물리 모델링', 'eaf9283a-6d00-4c42-a8b2-bae93255ea51', 'done', '2025-04-05', '2025-04-05 17:00:00+09', '2025-03-05 09:00:00+09', '2025-04-05 17:00:00+09'),
('c3333333-0014-0003-0000-000000000003', 'b2222222-0014-0000-0000-000000000014', '충돌 감지 및 반응', '장애물 충돌 시뮬레이션', 'eaf9283a-6d00-4c42-a8b2-bae93255ea51', 'done', '2025-04-15', '2025-04-15 17:00:00+09', '2025-03-05 09:00:00+09', '2025-04-15 17:00:00+09'),
('c3333333-0014-0004-0000-000000000004', 'b2222222-0014-0000-0000-000000000014', '환경 요인 시뮬레이션', '바람, 기압, 온도 영향', 'eaf9283a-6d00-4c42-a8b2-bae93255ea51', 'done', '2025-04-30', '2025-04-30 17:00:00+09', '2025-03-05 09:00:00+09', '2025-04-30 17:00:00+09');

-- A43: Battlefield Visualization Module
INSERT INTO planner_todos (id, initiative_id, title, description, assignee_id, status, due_date, completed_at, created_at, updated_at) VALUES
('c3333333-0015-0001-0000-000000000001', 'b2222222-0015-0000-0000-000000000015', '3D 전장 맵 렌더링', '지형 및 구조물 3D 렌더링', 'eaf9283a-6d00-4c42-a8b2-bae93255ea51', 'done', '2025-03-25', '2025-03-25 17:00:00+09', '2025-03-10 09:00:00+09', '2025-03-25 17:00:00+09'),
('c3333333-0015-0002-0000-000000000002', 'b2222222-0015-0000-0000-000000000015', '실시간 객체 시각화', '드론, 적군, 아군 표시', 'eaf9283a-6d00-4c42-a8b2-bae93255ea51', 'done', '2025-04-05', '2025-04-05 17:00:00+09', '2025-03-10 09:00:00+09', '2025-04-05 17:00:00+09'),
('c3333333-0015-0003-0000-000000000003', 'b2222222-0015-0000-0000-000000000015', '이벤트 시각화', '폭발, 경고, 알림 표시', 'eaf9283a-6d00-4c42-a8b2-bae93255ea51', 'done', '2025-04-20', '2025-04-20 17:00:00+09', '2025-03-10 09:00:00+09', '2025-04-20 17:00:00+09'),
('c3333333-0015-0004-0000-000000000004', 'b2222222-0015-0000-0000-000000000015', '성능 최적화', 'LOD 및 컬링 최적화', 'eaf9283a-6d00-4c42-a8b2-bae93255ea51', 'done', '2025-04-30', '2025-04-30 17:00:00+09', '2025-03-10 09:00:00+09', '2025-04-30 17:00:00+09');

-- A44: Training Evaluation and Data Management Module
INSERT INTO planner_todos (id, initiative_id, title, description, assignee_id, status, due_date, completed_at, created_at, updated_at) VALUES
('c3333333-0016-0001-0000-000000000001', 'b2222222-0016-0000-0000-000000000016', '자동 평가 시스템', '훈련 성과 자동 측정', 'eaf9283a-6d00-4c42-a8b2-bae93255ea51', 'done', '2025-03-30', '2025-03-30 17:00:00+09', '2025-03-15 09:00:00+09', '2025-03-30 17:00:00+09'),
('c3333333-0016-0002-0000-000000000002', 'b2222222-0016-0000-0000-000000000016', '성과 보고서 생성', 'PDF/Excel 보고서 출력', 'eaf9283a-6d00-4c42-a8b2-bae93255ea51', 'done', '2025-04-10', '2025-04-10 17:00:00+09', '2025-03-15 09:00:00+09', '2025-04-10 17:00:00+09'),
('c3333333-0016-0003-0000-000000000003', 'b2222222-0016-0000-0000-000000000016', '교육 자료 관리', '문서, 비디오 자료 저장', 'eaf9283a-6d00-4c42-a8b2-bae93255ea51', 'done', '2025-04-20', '2025-04-20 17:00:00+09', '2025-03-15 09:00:00+09', '2025-04-20 17:00:00+09'),
('c3333333-0016-0004-0000-000000000004', 'b2222222-0016-0000-0000-000000000016', '학습 이력 추적', '훈련생별 진행 상황 관리', 'eaf9283a-6d00-4c42-a8b2-bae93255ea51', 'done', '2025-04-30', '2025-04-30 17:00:00+09', '2025-03-15 09:00:00+09', '2025-04-30 17:00:00+09');

-- =============================================
-- ACTIVITY LOG ENTRIES
-- =============================================

-- Log milestone achievements
INSERT INTO planner_activity_log (entity_type, entity_id, action, actor_id, new_value, created_at) VALUES
('milestone', 'a1111111-0001-0000-0000-000000000001', 'created', '65a78743-cc04-442d-8943-173c14260c17', '{"name": "v0.1", "status": "achieved"}'::jsonb, '2024-10-01 09:00:00+09'),
('milestone', 'a1111111-0002-0000-0000-000000000002', 'created', '65a78743-cc04-442d-8943-173c14260c17', '{"name": "v0.2", "status": "achieved"}'::jsonb, '2024-10-01 09:00:00+09'),
('milestone', 'a1111111-0003-0000-0000-000000000003', 'created', '65a78743-cc04-442d-8943-173c14260c17', '{"name": "v0.3", "status": "achieved"}'::jsonb, '2024-10-01 09:00:00+09'),
('milestone', 'a1111111-0007-0000-0000-000000000007', 'created', '65a78743-cc04-442d-8943-173c14260c17', '{"name": "v0.7", "status": "achieved"}'::jsonb, '2024-10-01 09:00:00+09'),
('milestone', 'a1111111-0011-0000-0000-000000000011', 'created', '65a78743-cc04-442d-8943-173c14260c17', '{"name": "v1.0", "status": "achieved"}'::jsonb, '2024-10-01 09:00:00+09');

-- Log key initiative milestones
INSERT INTO planner_activity_log (entity_type, entity_id, action, actor_id, new_value, created_at) VALUES
('initiative', 'b2222222-0001-0000-0000-000000000001', 'created', '01f80424-b6b1-49ce-8047-c46363f121d3', '{"title": "A11 CSU: Flight Control Processing Module", "status": "shipped"}'::jsonb, '2024-10-05 09:00:00+09'),
('initiative', 'b2222222-0007-0000-0000-000000000007', 'created', 'f3e2a9cc-2989-427c-b6a3-8d4247e766fd', '{"title": "A31 CSU: Real-time Monitoring Module", "status": "shipped"}'::jsonb, '2024-12-01 09:00:00+09'),
('initiative', 'b2222222-0013-0000-0000-000000000013', 'created', 'eaf9283a-6d00-4c42-a8b2-bae93255ea51', '{"title": "A41 CSU: Scenario Management Module", "status": "shipped"}'::jsonb, '2025-03-01 09:00:00+09');

-- =============================================
-- VERIFICATION QUERIES (commented out)
-- =============================================

-- SELECT COUNT(*) as milestone_count FROM planner_milestones WHERE product_id = '02bcb96c-d7ad-4094-a2e2-43fc77c9b9a5' AND status = 'achieved';
-- SELECT COUNT(*) as initiative_count FROM planner_initiatives WHERE product_id = '02bcb96c-d7ad-4094-a2e2-43fc77c9b9a5' AND status = 'shipped';
-- SELECT COUNT(*) as todo_count FROM planner_todos t JOIN planner_initiatives i ON t.initiative_id = i.id WHERE i.product_id = '02bcb96c-d7ad-4094-a2e2-43fc77c9b9a5' AND t.status = 'done';

